"Locus.ID","New.Symbol","New.Name","Past.annotations","Lan.et.al...2022..annotation","canonical_transcript"
"AT1G01100","P1w","Ribosomal Protein P1w","Co-orthologous gene of large ribosomal subunit protein RPP1.","P1D","AT1G01100.2"
"AT1G02780","eL19x","Ribosomal Protein eL19x","Ribosomal protein L19e family protein","eL19A","AT1G02780.1"
"AT1G02830","eL22x","Ribosomal Protein eL22x","Ribosomal L22e protein family","eL22A","AT1G02830.1"
"AT1G04270","uS19u","Ribosomal Protein uS19u","Encodes cytosolic ribosomal protein S15.","uS19A","AT1G04270.1"
"AT1G04480","uL14x","Ribosomal Protein uL14x","Ribosomal protein L14p/L23e family protein","uL14A","AT1G04480.1"
"AT1G07070","eL33w","Ribosomal Protein eL33w","Ribosomal protein L35Ae family protein","eL33A","AT1G07070.1"
"AT1G07770","uS8z","Ribosomal Protein uS8z","Encodes cytoplasmic ribosomal protein S15a.; RIBOSOMAL PROTEIN S15A (RPS15A); RIBOSOMAL PROTEIN S15A (RPS15A); RPS15A","uS8A","AT1G07770.1"
"AT1G08360","uL1z","Ribosomal Protein uL1z","Ribosomal protein L1p/L10e family ; ","uL1A","AT1G08360.1"
"AT1G09590","eL21z","Ribosomal Protein eL21z","Translation protein SH3-like family protein ; ","eL21A","AT1G09590.1"
"AT1G09690","eL21y","Ribosomal Protein eL21y","Translation protein SH3-like family protein ; ","eL21C","AT1G09690.1"
"AT1G12960","uL15z","Ribosomal Protein uL15z","Ribosomal protein L18e/L15 superfamily protein ; ","","AT1G12960.1"
"AT1G14320","uL16z","Ribosomal Protein uL16z","Encodes a ribosomal protein L10 and may be involved in translation regulation. Semi-dominant mutations in SAC552 can suppress defects in acaulis5, which encodes a thermospermine synthase, by enhancing translation of acl5 and itself.; SUPPRESSOR OF ACAULIS 52 (SAC52); SUPPRESSOR OF ACAULIS 52 (SAC52);RIBOSOMAL PROTEIN L10 A (RPL10A);RIBOSOMAL PROTEIN L10 (RPL10); SAC52","uL16A","AT1G14320.1"
"AT1G15250","eL37z","Ribosomal Protein eL37z","Zinc-binding ribosomal protein family protein ; ","eL37A","AT1G15250.1"
"AT1G15930","eS12z","Ribosomal Protein eS12z","Ribosomal protein L7Ae/L30e/S12e/Gadd45 family protein ; ","eS12A","AT1G15930.1"
"AT1G18080","RACK1z","Ribosomal Protein RACK1z","Encodes the Arabidopsis thaliana homolog of the tobacco WD-40 repeat ArcA gene.  It is a scaffold protein that acts downstream of and is phosphorylated by WNK8 in the glucose responsiveness and flowering pathways . Knockout mutants show insensitivity to gibberellin in GA-induced seed germination.;  (ATARCA);  (ATARCA);RECEPTOR FOR ACTIVATED C KINASE 1 A (RACK1A_AT); (ATRACK1);SUPPRESSOR OF ACAULIS 53 (SAC53); (RACK1A); ATARCA","RACK1A","AT1G18080.1"
"AT1G18540","eL6z","Ribosomal Protein eL6z","Ribosomal protein L6 family protein ; ","eL6A","AT1G18540.1"
"AT1G22780","uS13z","Ribosomal Protein uS13z","S18 ribosomal protein involved in the binding of f-Met tRNA during initiation of mRNA translation. Expression restricted to meristems. Mutant phenotype-pointed first leaves,reduced fresh weight, growth retardation.; POINTED FIRST LEAVES (PFL); POINTED FIRST LEAVES (PFL);POINTED FIRST LEAVES 1 (PFL1);40S RIBOSOMAL PROTEIN S18 (RPS18A); PFL","uS13A","AT1G22780.1"
"AT1G23290","uL15y","Ribosomal Protein uL15y","Encodes a ribosomal protein L27A, a constituent of the large subunit of the ribosomal complex.  Regulated by TCP20. The mRNA is cell-to-cell mobile.;  (RPL27AB);  (RPL27AB);RIBOSOMAL PROTEIN L27A (RPL27A); RPL27AB","uL15B","AT1G23290.1"
"AT1G23410","eS31z","Ribosomal Protein eS31z","Ribosomal protein S27a / Ubiquitin family protein ; ","eS31A","AT1G23410.1"
"AT1G26880","eL34z","Ribosomal Protein eL34z","Ribosomal protein L34e superfamily protein ; ","eL34A","AT1G26880.1"
"AT1G26910","uL16y","Ribosomal Protein uL16y","Ribosomal protein L16p/L10e family protein; RIBOSOMAL PROTEIN L10 B (RPL10B); RIBOSOMAL PROTEIN L10 B (RPL10B); RPL10B","uL16B","AT1G26910.1"
"AT1G27400","uL22z","Ribosomal Protein uL22z","Ribosomal protein L22p/L17e family protein ; ","uL22A","AT1G27400.1"
"AT1G29965","eL20w","Ribosomal Protein eL20w","Ribosomal protein L18ae/LX family protein ; ","eL20D","AT1G29965.1"
"AT1G29970","eL20z","Ribosomal Protein eL20z","60S ribosomal protein L18A-1; 60S RIBOSOMAL PROTEIN L18A-1 (RPL18AA); 60S RIBOSOMAL PROTEIN L18A-1 (RPL18AA); RPL18AA","","AT1G29970.2"
"AT1G33120","uL6z","Ribosomal Protein uL6z","Ribosomal protein L6 family ; ","uL6B","AT1G33120.1"
"AT1G33140","uL6y","Ribosomal Protein uL6y","Encodes ribosomal protein L9. Identified in a screen for enhancers of as1. as1/pgy double mutants show defects in leaf vascular patterning and  adaxial cell fate. Double mutant analysis indicates pgy genes function in the same pathway as REV, KAN1 and KAN2. The mRNA is cell-to-cell mobile.; PIGGYBACK2 (PGY2); PIGGYBACK2 (PGY2); PGY2","uL6C","AT1G33140.1"
"AT1G34030","uS13y","Ribosomal Protein uS13y","Ribosomal protein S13/S18 family ; ","uS13B","AT1G34030.1"
"AT1G36240","eL30z","Ribosomal Protein eL30z","Ribosomal protein L7Ae/L30e/S12e/Gadd45 family protein ; ","eL30A","AT1G36240.1"
"AT1G41880","eL33z","Ribosomal Protein eL33z","Ribosomal protein L35Ae family protein ; ","eL33B","AT1G41880.2"
"AT1G43170","uL3z","Ribosomal Protein uL3z","Encodes a cytoplasmic ribosomal protein. The mRNA is cell-to-cell mobile.; RIBOSOMAL PROTEIN 1 (RP1); RIBOSOMAL PROTEIN 1 (ARP1);RIBOSOMAL PROTEIN 1 (RP1); (RPL3A);EMBRYO DEFECTIVE 2207 (emb2207); RP1","uL3A","AT1G43170.1"
"AT1G48630","RACK1y","Ribosomal Protein RACK1y","Encodes a protein with similarity to mammalian RACKs. RACKs function to shuttle activated protein kinase C to different subcellular sites and may also function as a scaffold through physical interactions with other proteins. RACK1B has no phenotype on its own and probably acts redundantly with RACK1A and RACK1C.; RECEPTOR FOR ACTIVATED C KINASE 1B (RACK1B_AT); RECEPTOR FOR ACTIVATED C KINASE 1B (RACK1B);RECEPTOR FOR ACTIVATED C KINASE 1B (RACK1B_AT); RACK1B_AT","RACK1B","AT1G48630.1"
"AT1G48830","eS7z","Ribosomal Protein eS7z","Ribosomal protein S7e family protein ; ","eS7A","AT1G48830.1"
"AT1G52300","eL37y","Ribosomal Protein eL37y","Zinc-binding ribosomal protein family protein ; ","eL37B","AT1G52300.1"
"AT1G56045","eL41z","Ribosomal Protein eL41z","Ribosomal protein L41 family ; ","eL41H","AT1G56045.1"
"AT1G57660","eL21x","Ribosomal Protein eL21x","Translation protein SH3-like family protein ; ","eL21E","AT1G57660.1"
"AT1G57860","eL21w","Ribosomal Protein eL21w","Translation protein SH3-like family protein ; ","eL21G","AT1G57860.1"
"AT1G58380","uS5z","Ribosomal Protein uS5z","Ribosomal protein S5 family protein;  (XW6);  (XW6); XW6","uS5A","AT1G58380.1"
"AT1G58684","uS5v","Ribosomal Protein uS5v","Ribosomal protein S5 family protein ; ","uS5E","AT1G58684.1"
"AT1G58983","uS5u","Ribosomal Protein uS5u","Ribosomal protein S5 family protein ; ","uS5F","AT1G58983.1"
"AT1G59359","uS5y","Ribosomal Protein uS5y","Ribosomal protein S5 family protein ; ","uS5B","AT1G59359.1"
"AT1G61580","uL3y","Ribosomal Protein uL3y","R-protein L3 B; R-PROTEIN L3 B (RPL3B); ARABIDOPSIS RIBOSOMAL PROTEIN 2 (ARP2);R-PROTEIN L3 B (RPL3B); RPL3B","uL3B","AT1G61580.1"
"AT1G66580","uL16x","Ribosomal Protein uL16x","senescence associated gene 24; SENESCENCE ASSOCIATED GENE 24 (SAG24); SENESCENCE ASSOCIATED GENE 24 (SAG24);RIBOSOMAL PROTEIN L10 C (RPL10C); SAG24","uL16C","AT1G66580.1"
"AT1G67430","uL22y","Ribosomal Protein uL22y","Ribosomal protein L22p/L17e family protein ; ","uL22B","AT1G67430.1"
"AT1G69620","eL34y","Ribosomal Protein eL34y","putative 60S ribosomal protein L34 The mRNA is cell-to-cell mobile.; RIBOSOMAL PROTEIN L34 (RPL34); RIBOSOMAL PROTEIN L34 (RPL34); RPL34","eL34B","AT1G69620.1"
"AT1G70600","uL15x","Ribosomal Protein uL15x","Ribosomal protein L18e/L15 superfamily protein ; ","uL15C","AT1G70600.1"
"AT1G72370","uS2z","Ribosomal Protein uS2z","acidic protein associated to 40S ribosomal subunit of ribosomes. Involved in polysome formation during active protein synthesis. Expressed in actively growing tissue.; 40S RIBOSOMAL PROTEIN SA (P40); 40S RIBOSOMAL PROTEIN SA (P40); (RPSAA); (RP40); (AP40); P40","uS2A","AT1G72370.1"
"AT1G74050","eL6x","Ribosomal Protein eL6x","Ribosomal protein L6 family protein ; ","eL6C","AT1G74050.1"
"AT1G74060","eL6y","Ribosomal Protein eL6y","Ribosomal protein L6 family protein ; ","eL6B","AT1G74060.1"
"AT1G74270","eL33y","Ribosomal Protein eL33y","Ribosomal protein L35Ae family protein ; ","eL33C","AT1G74270.1"
"AT1G77940","eL30y","Ribosomal Protein eL30y","Ribosomal protein L7Ae/L30e/S12e/Gadd45 family protein ; ","eL30B","AT1G77940.1"
"AT1G80750","uL30z","Ribosomal Protein uL30z","Cytosolic ribosomal 60S subunit protein.;  (RPL7A);  (RPL7A); RPL7A","","AT1G80750.1"
"AT2G01250","uL30y","Ribosomal Protein uL30y","Cytosolic ribosomal 60S subunit protein.;  (RPL7B);  (RPL7B); RPL7B","uL30B","AT2G01250.1"
"AT2G04390","eS17z","Ribosomal Protein eS17z","Ribosomal S17 family protein;  (DS17);  (DS17); DS17","eS17A","AT2G04390.1"
"AT2G05220","eS17y","Ribosomal Protein eS17y","Ribosomal S17 family protein ; ","eS17B","AT2G05220.1"
"AT2G09990","uS9z","Ribosomal Protein uS9z","Ribosomal protein S5 domain 2-like superfamily protein ; ","uS9A","AT2G09990.1"
"AT2G16360","eS25z","Ribosomal Protein eS25z","40S ribosomal protein S25 ; ","eS25A","AT2G16360.1"
"AT2G17360","eS4z","Ribosomal Protein eS4z","Ribosomal protein S4 (RPS4A) family protein ; ","eS4A","AT2G17360.1"
"AT2G18020","uL2z","Ribosomal Protein uL2z","Ribosomal protein L2 family; EMBRYO DEFECTIVE 2296 (EMB2296); EMBRYO DEFECTIVE 2296 (EMB2296); EMB2296","uL2A","AT2G18020.1"
"AT2G19730","eL28z","Ribosomal Protein eL28z","Ribosomal L28e protein family ; ","eL28A","AT2G19730.2"
"AT2G19740","eL31z","Ribosomal Protein eL31z","Ribosomal protein L31e family protein ; ","eL31A","AT2G19740.1"
"AT2G19750","eS30z","Ribosomal Protein eS30z","Ribosomal protein S30 family protein ; ","eS30A","AT2G19750.1"
"AT2G20450","eL14z","Ribosomal Protein eL14z","Ribosomal protein L14 ; ","eL14A","AT2G20450.1"
"AT2G21580","eS25y","Ribosomal Protein eS25y","Ribosomal protein S25 family protein ; ","eS25B","AT2G21580.1"
"AT2G25210","eL39z","Ribosomal Protein eL39z","Ribosomal protein L39 family protein ; ","eL39A","AT2G25210.1"
"AT2G27530","uL1y","Ribosomal Protein uL1y","Encodes ribosomal protein L10aP. Identified in a screen for enhancers of as1. as1/pgy double mutants show defects in leaf vascular patterning and adaxial cell fate. Double mutant analysis indicates pgy genes function in the same pathway as REV, KAN1 and KAN2.; PIGGYBACK1 (PGY1); PIGGYBACK1 (PGY1); PGY1","uL1B","AT2G27530.1"
"AT2G27710","P2y","Ribosomal Protein P2y","60S acidic ribosomal protein family ; ","P2B","AT2G27710.1"
"AT2G27720","P2z","Ribosomal Protein P2z","60S acidic ribosomal protein family ; ","P2A","AT2G27720.2"
"AT2G31610","uS3z","Ribosomal Protein uS3z","Ribosomal protein S3 family protein ; ","uS3A","AT2G31610.1"
"AT2G32060","eS12y","Ribosomal Protein eS12y","Ribosomal protein L7Ae/L30e/S12e/Gadd45 family protein ; ","eS12C","AT2G32060.2"
"AT2G32220","eL27z","Ribosomal Protein eL27z","Ribosomal L27e protein family ; ","eL27A","AT2G32220.1"
"AT2G33370","uL14z","Ribosomal Protein uL14z","Ribosomal protein L14p/L23e family protein ; ","uL14B","AT2G33370.1"
"AT2G34480","eL20y","Ribosomal Protein eL20y","Encodes a nuclear localized member of the ribosomal L18ae/LX  protein family.  Loss of function mutations show reduced transmission through the gametophytes and embryo lethality.;  (L18AB);  (L18AB); L18AB","eL20B","AT2G34480.2"
"AT2G36160","uS11z","Ribosomal Protein uS11z","Ribosomal protein S11 family protein ; ","uS11A","AT2G36160.1"
"AT2G36170","eL40z","Ribosomal Protein eL40z","60S ribosomal protein L40-1; UBIQUITIN EXTENSION PROTEIN 2 (UBQ2); 60S RIBOSOMAL PROTEIN L40 A (RPL40A);UBIQUITIN EXTENSION PROTEIN 2 (UBQ2); UBQ2","eL40A","AT2G36170.1"
"AT2G36620","eL24z","Ribosomal Protein eL24z","RPL24A encodes ribosomal protein L24, homolog of cytosolic RPL24, found in archaea and higher eukaryotes. Arabidopsis has two RPL24 homologs, RPL24A (AT2G36620) and RPL24B (AT3G53020).; RIBOSOMAL PROTEIN L24 (RPL24A); RIBOSOMAL PROTEIN L24 (RPL24A); RPL24A","eL24A","AT2G36620.1"
"AT2G37190","uL11z","Ribosomal Protein uL11z","Ribosomal protein L11 family protein ; ","uL11A","AT2G37190.1"
"AT2G37270","uS7z","Ribosomal Protein uS7z","One of two genes encoding the ribosomal protein S5. Expressed at a lower level compared to ATRPS5A.; RIBOSOMAL PROTEIN 5B (RPS5B); RIBOSOMAL PROTEIN 5B (ATRPS5B);RIBOSOMAL PROTEIN 5B (RPS5B); RPS5B","uS7A","AT2G37270.1"
"AT2G37600","eL36z","Ribosomal Protein eL36z","Ribosomal protein L36e family protein ; ","eL36A","AT2G37600.1"
"AT2G39390","uL29y","Ribosomal Protein uL29y","Ribosomal L29 family protein ; ","uL29B","AT2G39390.1"
"AT2G39460","uL23z","Ribosomal Protein uL23z","Encodes a 60S ribosomal protein L23aA (AtrpL23aA). Paralog of RLPL23aB.; RIBOSOMAL PROTEIN L23AA (RPL23AA); ARABIDOPSIS THALIANA RIBOSOMAL PROTEIN L23A (ATRPL23A);RIBOSOMAL PROTEIN L23A1 (RPL23A1);RIBOSOMAL PROTEIN L23AA (RPL23AA);RIBOSOMAL PROTEIN L23A (RPL23A); RPL23AA","uL23A","AT2G39460.2"
"AT2G39590","uS8y","Ribosomal Protein uS8y","40S ribosomal protein S15a ; ","uS8C","AT2G39590.1"
"AT2G40010","uL10z","Ribosomal Protein uL10z","Ribosomal protein L10 family protein ; ","uL10A","AT2G40010.1"
"AT2G40205","eL41y","Ribosomal Protein eL41y","Ribosomal protein L41 family ; ","eL41C","AT2G40205.1"
"AT2G40510","eS26z","Ribosomal Protein eS26z","Ribosomal protein S26e family protein ; ","eS26A","AT2G40510.1"
"AT2G40590","eS26y","Ribosomal Protein eS26y","Ribosomal protein S26e family protein ; ","eS26B","AT2G40590.1"
"AT2G41840","uS5x","Ribosomal Protein uS5x","Ribosomal protein S5 family protein ; ","uS5C","AT2G41840.1"
"AT2G42740","uL5z","Ribosomal Protein uL5z","encodes a cytosolic ribosomal protein L16, which is a constituent of 60S large ribosomal complex. Gene is expressed in root stele and anthers and expression is induced by auxin treatment.; RIBOSOMAL PROTEIN LARGE SUBUNIT 16A (RPL16A); RIBOSOMAL PROTEIN LARGE SUBUNIT 16A (RPL16A); RPL16A","uL5A","AT2G42740.1"
"AT2G43460","eL38z","Ribosomal Protein eL38z","Ribosomal L38e protein family ; ","eL38A","AT2G43460.1"
"AT2G44120","uL30x","Ribosomal Protein uL30x","Ribosomal protein L30/L7 family protein ; ","uL30C","AT2G44120.2"
"AT2G44860","eL24x","Ribosomal Protein eL24x","Ribosomal protein L24e family protein ; ","","AT2G44860.1"
"AT2G45710","eS27z","Ribosomal Protein eS27z","Zinc-binding ribosomal protein family protein ; ","eS27A","AT2G45710.1"
"AT2G47110","eS31y","Ribosomal Protein eS31y","polyubiquitin gene The mRNA is cell-to-cell mobile.; UBIQUITIN 6 (UBQ6); UBIQUITIN EXTENSION PROTEIN 6 (UBI6);UBIQUITIN 6 (UBQ6); UBQ6","eS31B","AT2G47110.1"
"AT2G47570","eL18z","Ribosomal Protein eL18z","60S ribosomal protein L18 ; ","eL18A","AT2G47570.1"
"AT2G47610","eL8z","Ribosomal Protein eL8z","Ribosomal protein L7Ae/L30e/S12e/Gadd45 family protein ; ","eL8A","AT2G47610.1"
"AT3G02080","eS19z","Ribosomal Protein eS19z","Ribosomal protein S19e family protein ; ","eS19A","AT3G02080.1"
"AT3G02190","eL39y","Ribosomal Protein eL39y","Ribosomal protein L39 family protein ; ","eL39B","AT3G02190.1"
"AT3G02560","eS7y","Ribosomal Protein eS7y","Ribosomal protein S7e family protein ; ","eS7B","AT3G02560.2"
"AT3G04230","uS9y","Ribosomal Protein uS9y","Ribosomal protein S5 domain 2-like superfamily protein ; ","uS9B","AT3G04230.1"
"AT3G04400","uL14y","Ribosomal Protein uL14y","Ribosomal protein L14p/L23e family protein; EMBRYO DEFECTIVE 2171 (emb2171); EMBRYO DEFECTIVE 2171 (emb2171); emb2171","uL14C","AT3G04400.1"
"AT3G04770","uS2y","Ribosomal Protein uS2y","40s ribosomal protein SA B; 40S RIBOSOMAL PROTEIN SA B (RPSAb); 40S RIBOSOMAL PROTEIN SA B (RPSAb); RPSAb","uS2B","AT3G04770.1"
"AT3G04840","eS1z","Ribosomal Protein eS1z","Ribosomal protein S3Ae ; ","eS1A","AT3G04840.1"
"AT3G04920","eS24z","Ribosomal Protein eS24z","Ribosomal protein S24e family protein ; ","eS24A","AT3G04920.1"
"AT3G05560","eL22z","Ribosomal Protein eL22z","Ribosomal L22e protein family ; ","eL22B","AT3G05560.3"
"AT3G05590","eL18y","Ribosomal Protein eL18y","Encodes cytoplasmic ribosomal protein L18.; RIBOSOMAL PROTEIN L18 (RPL18); RIBOSOMAL PROTEIN L18 (RPL18); RPL18","eL18B","AT3G05590.1"
"AT3G06680","eL29y","Ribosomal Protein eL29y","Ribosomal L29e protein family ; ","eL29B","AT3G06680.1"
"AT3G06700","eL29z","Ribosomal Protein eL29z","Ribosomal L29e protein family ; ","eL29A","AT3G06700.1"
"AT3G07110","uL13z","Ribosomal Protein uL13z","Ribosomal protein L13 family protein ; ","uL13A","AT3G07110.2"
"AT3G08520","eL41x","Ribosomal Protein eL41x","Ribosomal protein L41 family ; ","eL41D","AT3G08520.1"
"AT3G09200","uL10y","Ribosomal Protein uL10y","Ribosomal protein L10 family protein ; ","uL10B","AT3G09200.1"
"AT3G09500","uL29z","Ribosomal Protein uL29z","Ribosomal L29 family protein ; ","uL29A","AT3G09500.1"
"AT3G09630","uL4z","Ribosomal Protein uL4z","Ribosomal protein L4/L1 family; SUPPRESSOR OF ACAULIS 56 (SAC56); SUPPRESSOR OF ACAULIS 56 (SAC56); SAC56","uL4A","AT3G09630.1"
"AT3G09680","uS12z","Ribosomal Protein uS12z","Ribosomal protein S12/S23 family protein ; ","uS12A","AT3G09680.1"
"AT3G10090","eS28z","Ribosomal Protein eS28z","Nucleic acid-binding, OB-fold-like protein ; ","eS28A","AT3G10090.1"
"AT3G10610","eS17x","Ribosomal Protein eS17x","Ribosomal S17 family protein ; ","eS17C","AT3G10610.1"
"AT3G10950","eL43z","Ribosomal Protein eL43z","Zinc-binding ribosomal protein family protein ; ","eL43B","AT3G10950.1"
"AT3G11120","eL41w","Ribosomal Protein eL41w","Ribosomal protein L41 family ; ","eL41E","AT3G11120.1"
"AT3G11250","uL10x","Ribosomal Protein uL10x","Ribosomal protein L10 family protein ; ","uL10C","AT3G11250.1"
"AT3G11510","uS11y","Ribosomal Protein uS11y","Ribosomal protein S11 family protein ; ","uS11B","AT3G11510.1"
"AT3G11940","uS7y","Ribosomal Protein uS7y","One of two genes encoding the ribosomal protein S5. Mutants have semi-dominant developmental phenotypes.  Most cell-division processes are delayed or disturbed in the heterozygous mutant, and development is completely arrested at an early embryonic stage in the homozygous mutant.; RIBOSOMAL PROTEIN 5A (RPS5A); RIBOSOMAL PROTEIN 5A (ATRPS5A);ARABIDOPSIS MINUTE-LIKE 1 (AML1);RIBOSOMAL PROTEIN 5A (RPS5A); RPS5A","uS7B","AT3G11940.2"
"AT3G13580","uL30w","Ribosomal Protein uL30w","Ribosomal protein L30/L7 family protein ; ","uL30D","AT3G13580.3"
"AT3G14600","eL20x","Ribosomal Protein eL20x","Ribosomal protein L18ae/LX family protein ; ","eL20C","AT3G14600.1"
"AT3G16080","eL37x","Ribosomal Protein eL37x","Zinc-binding ribosomal protein family protein ; ","eL37C","AT3G16080.1"
"AT3G16780","eL19z","Ribosomal Protein eL19z","Ribosomal protein L19e family protein; RIBSOMAL PROTEIN LIKE 19B (RPL19B); RIBSOMAL PROTEIN LIKE 19B (RPL19B); RPL19B","eL19B","AT3G16780.1"
"AT3G18130","RACK1x","Ribosomal Protein RACK1x","Encodes a protein with similarity to mammalian RACKs. RACKs function to shuttle activated protein kinase C to different subcellular sites and may also function as a scaffold through physical interactions with other proteins. RACK1C has no phenotype on its own and probably acts redundantly with RACK1A and RACK1B.; RECEPTOR FOR ACTIVATED C KINASE 1C (RACK1C_AT); RECEPTOR FOR ACTIVATED C KINASE 1C (RACK1C);RECEPTOR FOR ACTIVATED C KINASE 1C (RACK1C_AT); RACK1C_AT","RACK1C","AT3G18130.1"
"AT3G18740","eL30x","Ribosomal Protein eL30x","The gene encodes a putative leucine-rich repeat (LRR)Receptor-like kinase (RLK).; RECEPTOR-LIKE KINASE 902 (RLK902); RECEPTOR-LIKE KINASE 902 (RLK902); RLK902","eL30C","AT3G18740.1"
"AT3G22230","eL27y","Ribosomal Protein eL27y","Ribosomal L27e protein family ; ","eL27B","AT3G22230.1"
"AT3G23390","eL42z","Ribosomal Protein eL42z","Zinc-binding ribosomal protein family protein; RPL36A A (RPL36AA); RPL36A A (RPL36AA); RPL36AA","eL42A","AT3G23390.1"
"AT3G24830","uL13y","Ribosomal Protein uL13y","Ribosomal protein L13 family protein ; ","uL13B","AT3G24830.1"
"AT3G25520","uL18z","Ribosomal Protein uL18z","Encodes ribosomal protein L5 that binds to 5S ribosomal RNA and in involved in its export from the nucleus to the cytoplasm. Identified in a screen for enhancers of as1. as1/pgy double mutants show defects in leaf vascular patterning and adaxial cell fate. Double mutant analysis indicates pgy genes function in the same pathway as REV, KAN1 and KAN2.; RIBOSOMAL PROTEIN L5 (ATL5); OLIGOCELLULA 5 (OLI5);PIGGYBACK3 (PGY3);RIBOSOMAL PROTEIN L5 (ATL5);RIBOSOMAL PROTEIN L5 A (RPL5A); ATL5","uL18A","AT3G25520.3"
"AT3G28500","P2x","Ribosomal Protein P2x","60S acidic ribosomal protein family ; ","P2C","AT3G28500.1"
"AT3G28900","eL34x","Ribosomal Protein eL34x","Ribosomal protein L34e superfamily protein ; ","eL34C","AT3G28900.1"
"AT3G43980","uS14z","Ribosomal Protein uS14z","Ribosomal protein S14p/S29e family protein ; ","uS14A","AT3G43980.1"
"AT3G44010","uS14y","Ribosomal Protein uS14y","Ribosomal protein S14p/S29e family protein ; ","uS14B","AT3G44010.1"
"AT3G44590","P2w","Ribosomal Protein P2w","60S acidic ribosomal protein family ; ","P2D","AT3G44590.1"
"AT3G45030","uS10z","Ribosomal Protein uS10z","Ribosomal protein S10p/S20e family protein ; ","uS10A","AT3G45030.1"
"AT3G46040","uS8x","Ribosomal Protein uS8x","Regulated by TCP20. The mRNA is cell-to-cell mobile.; RIBOSOMAL PROTEIN S15A D (RPS15AD); RIBOSOMAL PROTEIN S15A D (RPS15AD); RPS15AD","uS8D","AT3G46040.1"
"AT3G47370","uS10y","Ribosomal Protein uS10y","Ribosomal protein S10p/S20e family protein ; ","uS10B","AT3G47370.3"
"AT3G48930","uS17z","Ribosomal Protein uS17z","Nucleic acid-binding, OB-fold-like protein; EMBRYO DEFECTIVE 1080 (EMB1080); EMBRYO DEFECTIVE 1080 (EMB1080); EMB1080","uS17A","AT3G48930.1"
"AT3G48960","eL13y","Ribosomal Protein eL13y","Ribosomal protein L13e family protein ; ","eL13C","AT3G48960.1"
"AT3G49010","eL13z","Ribosomal Protein eL13z","Encodes 60S ribosomal protein L13. Homolog of human breast basic conserved 1 (BBC1).; BREAST BASIC CONSERVED 1 (BBC1); BREAST BASIC CONSERVED 1 (ATBBC1);40S RIBOSOMAL PROTEIN (RSU2);BREAST BASIC CONSERVED 1 (BBC1); BBC1","eL13B","AT3G49010.6"
"AT3G49910","uL24z","Ribosomal Protein uL24z","Translation protein SH3-like family protein ; ","uL24A","AT3G49910.1"
"AT3G51190","uL2y","Ribosomal Protein uL2y","Ribosomal protein L2 family ; ","uL2B","AT3G51190.1"
"AT3G52580","uS11x","Ribosomal Protein uS11x","Ribosomal protein S11 family protein ; ","uS11C","AT3G52580.1"
"AT3G52590","eL40y","Ribosomal Protein eL40y","Ubiquitin extension protein The mRNA is cell-to-cell mobile.; UBIQUITIN EXTENSION PROTEIN 1 (UBQ1); EARLY-RESPONSIVE TO DEHYDRATION 16 (ERD16);HAPLESS 4 (HAP4);UBIQUITIN EXTENSION PROTEIN 1 (UBQ1);EMBRYO DEFECTIVE 2167 (EMB2167); UBQ1","eL40B","AT3G52590.1"
"AT3G53020","eL24y","Ribosomal Protein eL24y","RPL24B encodes ribosomal protein L24, homolog of cytosolic RPL24, found in archaea and higher eukaryotes. Arabidopsis has two RPL24 homologs, RPL24A (AT2G36620) and RPL24B. Mutants showed defects in apical-basal gynoecium patterning similar to previously described ett and mp mutants. Transformation of stv1-1 mutant with a uORF-eliminated ETT construct partially suppressed the stv1 gynoecium phenotype, implying that STV1 could influence ETT  translation through its uORFs.  Regulated by TCP20.; SHORT VALVE1 (STV1); SHORT VALVE1 (STV1);RIBOSOMAL PROTEIN L24 (RPL24); (RPL24B); STV1","eL24B","AT3G53020.1"
"AT3G53430","uL11y","Ribosomal Protein uL11y","Ribosomal protein L11 family protein ; ","uL11B","AT3G53430.1"
"AT3G53740","eL36y","Ribosomal Protein eL36y","Ribosomal protein L36e family protein ; ","eL36B","AT3G53740.2"
"AT3G53870","uS3y","Ribosomal Protein uS3y","Ribosomal protein S3 family protein ; ","uS3B","AT3G53870.1"
"AT3G53890","eS21z","Ribosomal Protein eS21z","Cytosolic ribosomal protein. Mutants enhance the varigation effect of var2 mutations suggesting a link between cytosolic translation and chloroplast development.; EVERSHED1 (EVR1); EVERSHED1 (EVR1); (RPS21B); EVR1","eS21B","AT3G53890.1"
"AT3G55170","uL29x","Ribosomal Protein uL29x","Ribosomal L29 family protein ; ","uL29C","AT3G55170.1"
"AT3G55280","uL23y","Ribosomal Protein uL23y","60S ribosomal protein L23A (RPL23aB). Paralog of RPL23aA; RIBOSOMAL PROTEIN L23AB (RPL23AB); RIBOSOMAL PROTEIN L23A2 (RPL23A2);RIBOSOMAL PROTEIN L23AB (RPL23AB); RPL23AB","uL23B","AT3G55280.1"
"AT3G55750","eL33x","Ribosomal Protein eL33x","Ribosomal protein L35Ae family protein ; ","eL33D","AT3G55750.1"
"AT3G56020","eL41v","Ribosomal Protein eL41v","Ribosomal protein L41 family ; ","eL41G","AT3G56020.1"
"AT3G56340","eS26x","Ribosomal Protein eS26x","Small ribosomal subunit protein.; RIBOSOMAL PROTEIN S26E (RPS26E); RIBOSOMAL PROTEIN S26E (RPS26E); RPS26E","eS26C","AT3G56340.1"
"AT3G57490","uS5w","Ribosomal Protein uS5w","Ribosomal protein S5 family protein ; ","uS5D","AT3G57490.1"
"AT3G58700","uL5y","Ribosomal Protein uL5y","Ribosomal L5P family protein ; ","uL5B","AT3G58700.1"
"AT3G59540","eL38y","Ribosomal Protein eL38y","Ribosomal L38e protein family ; ","eL38B","AT3G59540.1"
"AT3G60245","eL43y","Ribosomal Protein eL43y","Zinc-binding ribosomal protein family protein ; ","eL43C","AT3G60245.1"
"AT3G60770","uS15z","Ribosomal Protein uS15z","Ribosomal protein S13/S15 ; ","uS15A","AT3G60770.1"
"AT3G61110","eS27y","Ribosomal Protein eS27y","Arabidopsis ribosomal protein; RIBOSOMAL PROTEIN S27 (RS27A); RIBOSOMAL PROTEIN S27 (RS27A);RIBOSOMAL PROTEIN S27 (ARS27A); RS27A","eS27B","AT3G61110.1"
"AT3G61111","eS27x","Ribosomal Protein eS27x","Zinc-binding ribosomal protein family protein ; ","eS27C","AT3G61111.1"
"AT3G62250","eS31x","Ribosomal Protein eS31x","ubiquitin 5; UBIQUITIN 5 (UBQ5); UBIQUITIN 5 (UBQ5); UBQ5","eS31C","AT3G62250.1"
"AT3G62870","eL8y","Ribosomal Protein eL8y","Ribosomal protein L7Ae/L30e/S12e/Gadd45 family protein ; ","eL8B","AT3G62870.1"
"AT4G00100","uS15y","Ribosomal Protein uS15y","Encodes a cytoplasmic ribosomal protein S13 homologue involved in early leaf development The mRNA is cell-to-cell mobile.; RIBOSOMAL PROTEIN S13A (RPS13A); RIBOSOMAL PROTEIN S13A (ATRPS13A);RIBOSOMAL PROTEIN S13A (RPS13A);POINTED FIRST LEAF 2 (PFL2); (RPS13); RPS13A","uS15B","AT4G00100.1"
"AT4G00810","P1z","Ribosomal Protein P1z","Co-orthologous gene of large ribosomal subunit protein RPP1.; 60S ACIDIC RIBOSOMAL PROTEIN P1-2 (RPP1B); RPP1 CO-ORTHOLOGOUS GENE 2 (RPP1.2);60S ACIDIC RIBOSOMAL PROTEIN P1-2 (RPP1B); RPP1B","P1B","AT4G00810.1"
"AT4G02230","eL19y","Ribosomal Protein eL19y","Ribosomal protein L19e family protein ; ","eL19C","AT4G02230.1"
"AT4G09800","uS13x","Ribosomal Protein uS13x","encodes a ribosomal protein S18C, a constituent of the small subunit of the ribosomal complex; S18 RIBOSOMAL PROTEIN (RPS18C); S18 RIBOSOMAL PROTEIN (RPS18C); RPS18C","uS13C","AT4G09800.1"
"AT4G10450","uL6x","Ribosomal Protein uL6x","Ribosomal protein L6 family ; ","uL6D","AT4G10450.1"
"AT4G13170","uL13x","Ribosomal Protein uL13x","Ribosomal protein L13 family protein ; ","uL13C","AT4G13170.1"
"AT4G14320","eL42y","Ribosomal Protein eL42y","Zinc-binding ribosomal protein family protein; RPL36A B (RPL36AB); RPL36A B (RPL36AB);APICULATA 2 (API2); RPL36AB","eL42B","AT4G14320.2"
"AT4G15000","eL27x","Ribosomal Protein eL27x","Ribosomal L27e protein family ; ","eL27C","AT4G15000.1"
"AT4G16720","eL15z","Ribosomal Protein eL15z","Ribosomal protein L23/L15e family protein ; ","eL15A","AT4G16720.1"
"AT4G17390","eL15y","Ribosomal Protein eL15y","Ribosomal protein L23/L15e family protein ; ","eL15B","AT4G17390.1"
"AT4G18100","eL32z","Ribosomal Protein eL32z","Ribosomal protein L32e ; ","eL32A","AT4G18100.1"
"AT4G18730","uL5x","Ribosomal Protein uL5x","encodes a cytosolic ribosomal protein L16, which is a constituent of 60S large ribosomal complex. Gene is expressed in root and shoot apical meristems and in lateral root primordia. Expression in lateral root primordia is induced by auxin.; RIBOSOMAL PROTEIN L16B (RPL16B); RIBOSOMAL PROTEIN L16B (RPL16B); RPL16B","uL5C","AT4G18730.1"
"AT4G25740","eS10z","Ribosomal Protein eS10z","RNA binding Plectin/S10 domain-containing protein ; ","eS10A","AT4G25740.1"
"AT4G25890","P3z","Ribosomal Protein P3z","60S acidic ribosomal protein family ; ","P3A","AT4G25890.1"
"AT4G26230","eL31y","Ribosomal Protein eL31y","Ribosomal protein L31e family protein ; ","eL31B","AT4G26230.1"
"AT4G27090","eL14y","Ribosomal Protein eL14y","Ribosomal protein L14 ; ","eL14B","AT4G27090.1"
"AT4G29390","eS30y","Ribosomal Protein eS30y","Ribosomal protein S30 family protein ; ","eS30B","AT4G29390.1"
"AT4G29410","eL28y","Ribosomal Protein eL28y","Ribosomal L28e protein family ; ","eL28C","AT4G29410.1"
"AT4G30800","uS17y","Ribosomal Protein uS17y","Nucleic acid-binding, OB-fold-like protein ; ","uS17B","AT4G30800.1"
"AT4G31700","eS6z","Ribosomal Protein eS6z","Encodes a putative ribosomal protein S6 (rps6a). RPS6A and RPS6B are fully redundant and essential during gametogenesis.; RIBOSOMAL PROTEIN S6 (RPS6); RIBOSOMAL PROTEIN S6 (RPS6); (ATRPS6); (RPS6A); RPS6","eS6A","AT4G31700.1"
"AT4G31985","eL39x","Ribosomal Protein eL39x","Ribosomal protein L39 family protein ; ","eL39C","AT4G31985.1"
"AT4G33865","uS14x","Ribosomal Protein uS14x","Ribosomal protein S14p/S29e family protein ; ","uS14C","AT4G33865.1"
"AT4G34555","eS25x","Ribosomal Protein eS25x","Ribosomal protein S25 family protein ; ","eS25D","AT4G34555.1"
"AT4G34670","eS1y","Ribosomal Protein eS1y","Ribosomal protein S3Ae ; ","eS1B","AT4G34670.1"
"AT4G36130","uL2x","Ribosomal Protein uL2x","Ribosomal protein L2 family ; ","uL2C","AT4G36130.1"
"AT4G39200","eS25w","Ribosomal Protein eS25w","Ribosomal protein S25 family protein ; ","eS25E","AT4G39200.1"
"AT5G02450","eL36x","Ribosomal Protein eL36x","Ribosomal protein L36e family protein ; ","eL36C","AT5G02450.1"
"AT5G02610","uL29w","Ribosomal Protein uL29w","Ribosomal L29 family protein ; ","uL29D","AT5G02610.2"
"AT5G02870","uL4y","Ribosomal Protein uL4y","Ribosomal protein L4/L1 family; RIBOSOMAL LARGE SUBUNIT 4 (RPL4); RIBOSOMAL LARGE SUBUNIT 4 (RPL4); RPL4","uL4D","AT5G02870.1"
"AT5G02960","uS12y","Ribosomal Protein uS12y","Ribosomal protein S12/S23 family protein ; ","uS12B","AT5G02960.1"
"AT5G03850","eS28y","Ribosomal Protein eS28y","Nucleic acid-binding, OB-fold-like protein ; ","eS28B","AT5G03850.1"
"AT5G04800","eS17w","Ribosomal Protein eS17w","Ribosomal S17 family protein ; ","eS17D","AT5G04800.2"
"AT5G07090","eS4y","Ribosomal Protein eS4y","Ribosomal protein S4 (RPS4A) family protein ; ","eS4B","AT5G07090.1"
"AT5G09490","uS19z","Ribosomal Protein uS19z","Ribosomal protein S19 family protein ; ","uS19B","AT5G09490.1"
"AT5G09500","uS19y","Ribosomal Protein uS19y","Ribosomal protein S19 family protein ; ","uS19C","AT5G09500.1"
"AT5G09510","uS19x","Ribosomal Protein uS19x","Ribosomal protein S19 family protein ; ","uS19D","AT5G09510.1"
"AT5G10360","eS6y","Ribosomal Protein eS6y","RPS6A and RPS6B are fully redundant and essential during gametogenesis.; EMBRYO DEFECTIVE 3010 (EMB3010); RIBOSOMAL PROTEIN SMALL SUBUNIT 6B (RPS6B);EMBRYO DEFECTIVE 3010 (EMB3010); EMB3010","eS6B","AT5G10360.1"
"AT5G15200","uS4z","Ribosomal Protein uS4z","Ribosomal protein S4 ; ","uS4B","AT5G15200.1"
"AT5G15520","eS19y","Ribosomal Protein eS19y","Ribosomal protein S19e family protein ; ","eS19B","AT5G15520.1"
"AT5G16130","eS7x","Ribosomal Protein eS7x","Ribosomal protein S7e family protein ; ","eS7C","AT5G16130.1"
"AT5G18380","uS9x","Ribosomal Protein uS9x","Ribosomal protein S5 domain 2-like superfamily protein ; ","uS9C","AT5G18380.1"
"AT5G20290","eS8z","Ribosomal Protein eS8z","Ribosomal protein S8e family protein ; ","eS8A","AT5G20290.1"
"AT5G22440","uL1x","Ribosomal Protein uL1x","Ribosomal protein L1p/L10e family ; ","uL1C","AT5G22440.1"
"AT5G23740","uS17x","Ribosomal Protein uS17x","Encodes a putative ribosomal protein S11 (RPS11-beta).; RIBOSOMAL PROTEIN S11-BETA (RPS11-BETA); RIBOSOMAL PROTEIN S11-BETA (RPS11-BETA); RPS11-BETA","uS17C","AT5G23740.1"
"AT5G23900","eL13x","Ribosomal Protein eL13x","Ribosomal protein L13e family protein ; ","eL13D","AT5G23900.1"
"AT5G24510","P1x","Ribosomal Protein P1x","60S acidic ribosomal protein family ; ","P1D","AT5G24510.1"
"AT5G27700","eS21y","Ribosomal Protein eS21y","Cytosolic ribosomal protein. Similar to EVR1 and redundant with EVR1. Also enhances VAR2 mutant varigation, but to a lesser extent than evr1.; EVERSHED1-LIKE 1 (EVR1L1); EVERSHED1-LIKE 1 (EVR1L1); (RPS21C); EVR1L1","eS21C","AT5G27700.1"
"AT5G27770","eL22y","Ribosomal Protein eL22y","Ribosomal L22e protein family ; ","eL22C","AT5G27770.1"
"AT5G27850","eL18x","Ribosomal Protein eL18x","Ribosomal protein L18e/L15 superfamily protein;  (RPL18C);  (RPL18C); RPL18C","eL18C","AT5G27850.1"
"AT5G28060","eS24y","Ribosomal Protein eS24y","Ribosomal protein S24e family protein;  (RPS24B);  (RPS24B); RPS24B","eS24B","AT5G28060.1"
"AT5G35530","uS3x","Ribosomal Protein uS3x","Ribosomal protein S3 family protein ; ","uS3C","AT5G35530.1"
"AT5G39740","uL18y","Ribosomal Protein uL18y","Encodes a ribosomal protein RPL5B that is involved in ribosome biogenesis and plays a role in organ size control by promoting cell proliferation and preventing compensation in normal leaf development.; RIBOSOMAL PROTEIN L5 B (RPL5B); RIBOSOMAL PROTEIN L5 B (RPL5B);OLIGOCELLULA 7 (OLI7); RPL5B","uL18B","AT5G39740.1"
"AT5G39850","uS4y","Ribosomal Protein uS4y","Ribosomal protein S4 ; ","uS4C","AT5G39850.1"
"AT5G40040","P2v","Ribosomal Protein P2v","60S acidic ribosomal protein family ; ","P2E","AT5G40040.1"
"AT5G41520","eS10y","Ribosomal Protein eS10y","The gene belongs  to  the  three-member  Arabidopsis  gene  family  encoding  the  eukaryote-specific protein S10e of the small cytoplasmic ribosomal subunit.; RIBOSOMAL PROTEIN S10E B (RPS10B); RIBOSOMAL PROTEIN S10E B (RPS10B); RPS10B","eS10B","AT5G41520.1"
"AT5G43640","uS19w","Ribosomal Protein uS19w","Ribosomal protein S19 family protein ; ","uS19E","AT5G43640.1"
"AT5G45775","uL5w","Ribosomal Protein uL5w","Ribosomal L5P family protein ; ","uL5D","AT5G45775.2"
"AT5G46430","eL32y","Ribosomal Protein eL32y","Ribosomal protein L32e ; ","eL32B","AT5G46430.1"
"AT5G47700","P1y","Ribosomal Protein P1y","Co-orthologous gene of large ribosomal subunit protein RPP1.; 60S ACIDIC RIBOSOMAL PROTEIN P1-3 (RPP1C); RPP1 CO-ORTHOLOGOUS GENE 3 (RPP1.3);60S ACIDIC RIBOSOMAL PROTEIN P1-3 (RPP1C); RPP1C","P1C","AT5G47700.1"
"AT5G47930","eS27w","Ribosomal Protein eS27w","Zinc-binding ribosomal protein family protein ; ","eS27D","AT5G47930.1"
"AT5G48760","uL13w","Ribosomal Protein uL13w","Ribosomal protein L13 family protein ; ","uL13D","AT5G48760.1"
"AT5G52650","eS10x","Ribosomal Protein eS10x","RNA binding Plectin/S10 domain-containing protein ; ","eS10C","AT5G52650.1"
"AT5G56670","eS30x","Ribosomal Protein eS30x","Ribosomal protein S30 family protein ; ","eS30C","AT5G56670.1"
"AT5G56710","eL31x","Ribosomal Protein eL31x","Ribosomal protein L31e family protein ; ","eL31C","AT5G56710.1"
"AT5G57290","P3y","Ribosomal Protein P3y","60S acidic ribosomal protein family; RIBOSOMAL P3 PROTEIN B (P3B);  (ATP3B);RIBOSOMAL P3 PROTEIN B (P3B); P3B","P3B","AT5G57290.1"
"AT5G58420","eS4x","Ribosomal Protein eS4x","Ribosomal protein S4 (RPS4A) family protein ; ","eS4D","AT5G58420.1"
"AT5G59240","eS8y","Ribosomal Protein eS8y","Ribosomal protein S8e family protein ; ","eS8B","AT5G59240.1"
"AT5G59850","uS8w","Ribosomal Protein uS8w","Ribosomal protein S8 family protein ; ","uS8F","AT5G59850.1"
"AT5G60670","uL11x","Ribosomal Protein uL11x","Ribosomal protein L11 family protein; RIBOSOMAL PROTEIN LIKE 12C (RPL12C); RIBOSOMAL PROTEIN LIKE 12C (RPL12C); RPL12C","uL11C","AT5G60670.1"
"AT5G61170","eS19x","Ribosomal Protein eS19x","Ribosomal protein S19e family protein ; ","eS19C","AT5G61170.1"
"AT5G62300","uS10x","Ribosomal Protein uS10x","Ribosomal protein S10p/S20e family protein ; ","uS10C","AT5G62300.1"
"AT5G63070","uS19v","Ribosomal Protein uS19v","Ribosomal protein S19 family protein ; ","uS19F","AT5G63070.1"
"AT5G64140","eS28x","Ribosomal Protein eS28x","Encodes a putative ribosomal protein S28.; RIBOSOMAL PROTEIN S28 (RPS28); RIBOSOMAL PROTEIN S28 (RPS28); RPS28","eS28C","AT5G64140.1"
"AT5G67510","uL24y","Ribosomal Protein uL24y","Translation protein SH3-like family protein ; ","uL24B","AT5G67510.1"
